,team,kp_adj_eff,kp_adj_off,kp_adj_def,seed,school,year,tournaments_wins
0,2022 Kansas,25.5,119.4,93.9,1,Kansas,2022,6
1,2022 Arizona,27.2,119.6,92.4,1,Arizona,2022,2
2,2022 Gonzaga,33.0,121.8,88.8,1,Gonzaga,2022,2
3,2022 Baylor,26.3,117.9,91.6,1,Baylor,2022,1
4,2022 Duke,23.7,119.4,95.7,2,Duke,2022,4
5,2022 Villanova,24.1,118.0,93.8,2,Villanova,2022,4
6,2022 Auburn,24.5,113.6,89.1,2,Auburn,2022,1
7,2022 Kentucky,26.6,120.2,93.6,2,Kentucky,2022,0
8,2022 Texas Tech,24.6,109.7,85.1,3,Texas Tech,2022,2
9,2022 Purdue,22.3,121.3,99.0,3,Purdue,2022,2
10,2022 Tennessee,25.2,111.4,86.2,3,Tennessee,2022,1
11,2022 Wisconsin,15.6,110.4,94.8,3,Wisconsin,2022,1
12,2022 Arkansas,19.0,111.1,92.1,4,Arkansas,2022,3
13,2022 Providence,13.9,111.9,98.0,4,Providence,2022,2
14,2022 UCLA,24.8,116.1,91.2,4,UCLA,2022,2
15,2022 Illinois,19.6,113.7,94.1,4,Illinois,2022,1
16,2022 Houston,26.5,117.3,90.9,5,Houston,2022,3
17,2022 Saint Mary's,19.8,109.8,90.0,5,Saint Mary's,2022,1
18,2022 Connecticut,19.3,113.9,94.6,5,Connecticut,2022,0
19,2022 Iowa,23.5,121.5,98.0,5,Iowa,2022,0
20,2022 Texas,20.4,111.8,91.4,6,Texas,2022,1
21,2022 Alabama,17.4,116.1,98.7,6,Alabama,2022,0
22,2022 Colorado St.,15.9,114.2,98.3,6,Colorado St.,2022,0
23,2022 LSU,19.1,107.6,88.6,6,LSU,2022,0
24,2022 Michigan St.,14.9,111.3,96.4,7,Michigan St.,2022,1
25,2022 Murray St.,16.4,111.5,95.1,7,Murray St.,2022,1
26,2022 Ohio St.,15.8,116.6,100.8,7,Ohio St.,2022,1
27,2022 USC,14.4,110.5,96.0,7,USC,2022,0
28,2022 North Carolina,16.0,113.1,97.0,8,North Carolina,2022,5
29,2022 Boise St.,16.4,108.4,92.0,8,Boise St.,2022,0
30,2022 San Diego St.,18.2,104.1,86.0,8,San Diego St.,2022,0
31,2022 Seton Hall,15.0,108.5,93.5,8,Seton Hall,2022,0
32,2022 Creighton,13.5,105.6,92.1,9,Creighton,2022,1
33,2022 Memphis,16.2,110.4,94.1,9,Memphis,2022,1
34,2022 TCU,14.9,108.3,93.4,9,TCU,2022,1
35,2022 Marquette,14.0,109.8,95.8,9,Marquette,2022,0
36,2022 Miami FL,12.6,114.8,102.1,10,Miami FL,2022,3
37,2022 Davidson,14.8,116.8,102.0,10,Davidson,2022,0
38,2022 Loyola Chicago,17.7,110.9,93.2,10,Loyola Chicago,2022,0
39,2022 San Francisco,18.4,110.8,92.4,10,San Francisco,2022,0
40,2022 Iowa St.,13.9,104.4,90.4,11,Iowa St.,2022,2
41,2022 Michigan,15.6,114.2,98.6,11,Michigan,2022,2
42,2022 Notre Dame,13.6,112.0,98.4,11,Notre Dame,2022,1
43,2022 Virginia Tech,17.9,114.3,96.4,11,Virginia Tech,2022,0
45,2022 New Mexico St.,10.1,107.8,97.7,12,New Mexico St.,2022,1
46,2022 Richmond,9.8,109.1,99.3,12,Richmond,2022,1
47,2022 Indiana,14.9,107.6,92.6,12,Indiana,2022,0
48,2022 UAB,14.0,112.5,98.5,12,UAB,2022,0
50,2022 Akron,3.5,106.2,102.7,13,Akron,2022,0
51,2022 Chattanooga,11.3,110.0,98.8,13,Chattanooga,2022,0
52,2022 South Dakota St.,11.4,116.8,105.3,13,South Dakota St.,2022,0
53,2022 Vermont,13.1,110.8,97.7,13,Vermont,2022,0
54,2022 Colgate,4.2,108.3,104.1,14,Colgate,2022,0
55,2022 Longwood,2.5,106.1,103.6,14,Longwood,2022,0
56,2022 Montana St.,3.8,104.5,100.7,14,Montana St.,2022,0
57,2022 Yale,2.2,101.5,99.2,14,Yale,2022,0
58,2022 Saint Peter's,4.3,98.8,94.5,15,Saint Peter's,2022,3
59,2022 Cal St. Fullerton,2.1,104.7,102.6,15,Cal St. Fullerton,2022,0
60,2022 Delaware,2.3,106.8,104.6,15,Delaware,2022,0
61,2022 Jacksonville St.,2.2,105.3,103.1,15,Jacksonville St.,2022,0
62,2022 Georgia St.,1.8,101.5,99.7,16,Georgia St.,2022,0
63,2022 Norfolk St.,0.1,102.4,102.3,16,Norfolk St.,2022,0
64,2022 Texas Southern,-1.3,98.1,99.5,16,Texas Southern,2022,0
65,2022 Wright St.,-0.9,106.4,107.2,16,Wright St.,2022,0
68,2021 Baylor,29.5,123.3,93.8,1,Baylor,2021,6
69,2021 Gonzaga,36.6,126.1,89.5,1,Gonzaga,2021,5
70,2021 Michigan,30.8,119.4,88.6,1,Michigan,2021,3
71,2021 Illinois,30.6,119.0,88.3,1,Illinois,2021,1
72,2021 Houston,28.8,118.9,90.1,2,Houston,2021,4
73,2021 Alabama,25.0,111.7,86.7,2,Alabama,2021,2
74,2021 Iowa,28.9,123.5,94.6,2,Iowa,2021,1
75,2021 Ohio St.,25.4,122.3,96.8,2,Ohio St.,2021,0
76,2021 Arkansas,21.5,111.5,90.0,3,Arkansas,2021,3
77,2021 Kansas,21.0,109.6,88.6,3,Kansas,2021,1
78,2021 West Virginia,20.3,116.1,95.8,3,West Virginia,2021,1
79,2021 Texas,20.6,113.8,93.3,3,Texas,2021,0
80,2021 Florida St.,22.1,116.4,94.4,4,Florida St.,2021,2
81,2021 Oklahoma St.,18.8,110.1,91.3,4,Oklahoma St.,2021,1
82,2021 Purdue,22.3,113.6,91.3,4,Purdue,2021,0
83,2021 Virginia,22.7,115.6,93.0,4,Virginia,2021,0
84,2021 Creighton,21.3,114.9,93.6,5,Creighton,2021,2
85,2021 Villanova,22.6,118.6,96.0,5,Villanova,2021,2
86,2021 Colorado,21.7,114.4,92.7,5,Colorado,2021,1
87,2021 Tennessee,21.1,108.8,87.7,5,Tennessee,2021,0
88,2021 USC,22.2,112.9,90.7,6,USC,2021,3
89,2021 Texas Tech,20.9,112.4,91.4,6,Texas Tech,2021,1
90,2021 BYU,20.9,113.1,92.2,6,BYU,2021,0
91,2021 San Diego St.,21.3,110.8,89.5,6,San Diego St.,2021,0
92,2021 Oregon,17.7,114.5,96.8,7,Oregon,2021,2
93,2021 Florida,17.6,111.0,93.4,7,Florida,2021,1
94,2021 Clemson,16.2,106.9,90.7,7,Clemson,2021,0
95,2021 Connecticut,21.9,113.6,91.7,7,Connecticut,2021,0
96,2021 Loyola Chicago,23.8,110.4,86.7,8,Loyola Chicago,2021,2
97,2021 LSU,19.6,119.8,100.2,8,LSU,2021,1
98,2021 Oklahoma,16.6,111.4,94.8,8,Oklahoma,2021,1
99,2021 North Carolina,20.1,110.1,90.0,8,North Carolina,2021,0
100,2021 Wisconsin,22.7,112.5,89.9,9,Wisconsin,2021,1
101,2021 Georgia Tech,18.5,113.3,94.8,9,Georgia Tech,2021,0
102,2021 Missouri,15.2,110.2,95.1,9,Missouri,2021,0
103,2021 St. Bonaventure,20.8,111.3,90.5,9,St. Bonaventure,2021,0
104,2021 Maryland,18.7,110.9,92.2,10,Maryland,2021,1
105,2021 Rutgers,18.1,108.7,90.5,10,Rutgers,2021,1
106,2021 VCU,15.9,105.5,89.6,10,VCU,2021,0
107,2021 Virginia Tech,15.2,110.0,94.8,10,Virginia Tech,2021,0
108,2021 UCLA,15.9,113.4,97.5,11,UCLA,2021,4
109,2021 Syracuse,16.2,113.8,97.6,11,Syracuse,2021,2
110,2021 Drake,14.6,113.9,99.3,11,Drake,2021,0
111,2021 Utah St.,16.5,105.7,89.2,11,Utah St.,2021,0
114,2021 Oregon St.,10.2,109.3,99.2,12,Oregon St.,2021,3
115,2021 Georgetown,14.1,107.7,93.6,12,Georgetown,2021,0
116,2021 UC Santa Barbara,12.2,109.2,97.0,12,UC Santa Barbara,2021,0
117,2021 Winthrop,8.9,105.1,96.2,12,Winthrop,2021,0
118,2021 North Texas,11.7,105.4,93.7,13,North Texas,2021,1
119,2021 Ohio,11.1,113.0,101.9,13,Ohio,2021,1
120,2021 Liberty,8.4,110.1,101.8,13,Liberty,2021,0
121,2021 UNC Greensboro,8.2,104.1,96.0,13,UNC Greensboro,2021,0
122,2021 Abilene Christian,10.1,103.0,92.9,14,Abilene Christian,2021,1
123,2021 Colgate,10.2,110.9,100.7,14,Colgate,2021,0
124,2021 Eastern Washington,6.7,107.7,101.0,14,Eastern Washington,2021,0
125,2021 Morehead St.,3.9,100.2,96.3,14,Morehead St.,2021,0
126,2021 Oral Roberts,1.2,108.7,107.4,15,Oral Roberts,2021,2
127,2021 Cleveland St.,1.4,100.9,99.5,15,Cleveland St.,2021,0
128,2021 Grand Canyon,7.0,103.6,96.6,15,Grand Canyon,2021,0
129,2021 Iona,-1.0,100.4,101.4,15,Iona,2021,0
130,2021 Drexel,1.6,107.1,105.5,16,Drexel,2021,0
131,2021 Hartford,-2.7,97.5,100.2,16,Hartford,2021,0
132,2021 Norfolk St.,-3.7,100.6,104.4,16,Norfolk St.,2021,0
133,2021 Texas Southern,-6.1,99.0,105.0,16,Texas Southern,2021,0
136,2019 Virginia ,35.7,123.6,87.9,1,Virginia ,2019,6
137,2019 Duke,32.0,120.1,88.1,1,Duke,2019,3
138,2019 Gonzaga,32.8,125.1,92.3,1,Gonzaga,2019,3
139,2019 North Carolina,29.2,119.9,90.7,1,North Carolina,2019,2
140,2019 Michigan St.,31.4,121.7,90.4,2,Michigan St.,2019,4
141,2019 Kentucky,27.4,118.2,90.8,2,Kentucky,2019,3
142,2019 Michigan,29.4,115.5,86.1,2,Michigan,2019,2
143,2019 Tennessee,27.0,122.5,95.5,2,Tennessee,2019,2
144,2019 Texas Tech,26.7,112.7,85.9,3,Texas Tech,2019,5
145,2019 Purdue,26.1,121.1,95.0,3,Purdue,2019,3
146,2019 Houston,22.4,114.1,91.7,3,Houston,2019,2
147,2019 LSU,21.0,118.5,97.5,3,LSU,2019,2
148,2019 Florida St.,22.6,113.0,90.4,4,Florida St.,2019,2
149,2019 Virginia Tech,24.5,118.4,94.0,4,Virginia Tech,2019,2
150,2019 Kansas,20.7,112.7,92.0,4,Kansas,2019,1
151,2019 Kansas St.,20.2,108.0,87.7,4,Kansas St.,2019,0
152,2019 Auburn,23.3,119.6,96.2,5,Auburn,2019,4
153,2019 Marquette,18.4,114.2,95.7,5,Marquette,2019,0
154,2019 Mississippi St.,20.7,117.4,96.7,5,Mississippi St.,2019,0
155,2019 Wisconsin,23.7,110.8,87.1,5,Wisconsin,2019,0
156,2019 Buffalo,20.3,114.9,94.6,6,Buffalo,2019,1
157,2019 Maryland,20.0,113.8,93.8,6,Maryland,2019,1
158,2019 Villanova,18.8,117.0,98.2,6,Villanova,2019,1
159,2019 Iowa St.,21.8,119.0,97.1,6,Iowa St.,2019,0
160,2019 Wofford,20.7,118.4,97.6,7,Wofford,2019,1
161,2019 Cincinnati,17.1,111.6,94.5,7,Cincinnati,2019,0
162,2019 Louisville,21.0,113.4,92.4,7,Louisville,2019,0
163,2019 Nevada,18.9,114.0,95.1,7,Nevada,2019,0
164,2019 Mississippi,15.1,112.8,97.7,8,Mississippi,2019,0
165,2019 Syracuse,16.3,110.2,93.9,8,Syracuse,2019,0
166,2019 Utah St.,16.6,113.0,96.3,8,Utah St.,2019,0
167,2019 VCU,15.7,104.3,88.6,8,VCU,2019,0
168,2019 Baylor,15.3,113.5,98.2,9,Baylor,2019,1
169,2019 Oklahoma,15.5,109.4,93.9,9,Oklahoma,2019,1
170,2019 UCF,14.6,110.3,95.7,9,UCF,2019,1
171,2019 Washington,13.4,107.0,93.6,9,Washington,2019,1
172,2019 Florida,18.3,110.2,91.9,10,Florida,2019,1
173,2019 Iowa,16.0,117.2,101.2,10,Iowa,2019,1
174,2019 Minnesota,14.5,110.7,96.2,10,Minnesota,2019,1
175,2019 Seton Hall,12.9,109.3,96.4,10,Seton Hall,2019,0
176,2019 Ohio St.,15.1,109.3,94.2,11,Ohio St.,2019,1
177,2019 Arizona St.,11.2,109.8,98.6,11,Arizona St.,2019,0
178,2019 Belmont,13.1,114.8,101.8,11,Belmont,2019,0
179,2019 Saint Mary's,17.7,114.6,96.9,11,Saint Mary's,2019,0
182,2019 Oregon,15.2,107.7,92.5,12,Oregon,2019,2
183,2019 Liberty,10.8,110.6,99.7,12,Liberty,2019,1
184,2019 Murray St.,13.3,112.0,98.7,12,Murray St.,2019,1
185,2019 New Mexico St.,13.6,112.6,99.0,12,New Mexico St.,2019,0
186,2019 UC Irvine,9.5,106.6,97.1,13,UC Irvine,2019,1
187,2019 Northeastern,8.7,111.5,102.7,13,Northeastern,2019,0
188,2019 Saint Louis,6.3,102.6,96.3,13,Saint Louis,2019,0
189,2019 Vermont,8.7,107.9,99.2,13,Vermont,2019,0
190,2019 Georgia St.,5.6,107.9,102.3,14,Georgia St.,2019,0
191,2019 Northern Kentucky,6.6,109.2,102.7,14,Northern Kentucky,2019,0
192,2019 Old Dominion,5.6,101.9,96.4,14,Old Dominion,2019,0
193,2019 Yale,8.6,111.7,103.1,14,Yale,2019,0
194,2019 Abilene Christian,2.1,103.6,101.5,15,Abilene Christian,2019,0
195,2019 Bradley,-0.4,100.9,101.3,15,Bradley,2019,0
196,2019 Colgate,4.3,110.0,105.8,15,Colgate,2019,0
197,2019 Montana,3.5,107.4,103.8,15,Montana,2019,0
198,2019 Fairleigh Dickinson,-4.2,106.2,110.4,16,Fairleigh Dickinson,2019,0
199,2019 Gardner Webb,-0.7,107.5,108.2,16,Gardner Webb,2019,0
200,2019 Iona,-3.1,106.5,109.6,16,Iona,2019,0
201,2019 North Dakota St.,-3.2,106.6,109.8,16,North Dakota St.,2019,0
204,2018 Villanova,31.4,127.4,96.0,1,Villanova,2018,6
205,2018 Kansas,23.2,120.9,97.7,1,Kansas,2018,4
206,2018 Xavier,21.7,120.7,99.0,1,Xavier,2018,1
207,2018 Virginia,32.2,116.5,84.4,1,Virginia,2018,0
208,2018 Duke,29.1,122.6,93.5,2,Duke,2018,3
209,2018 Purdue,26.7,123.2,96.6,2,Purdue,2018,2
210,2018 Cincinnati,27.0,113.2,86.2,2,Cincinnati,2018,1
211,2018 North Carolina,25.0,122.0,96.9,2,North Carolina,2018,1
212,2018 Michigan,23.2,115.9,92.7,3,Michigan,2018,5
213,2018 Texas Tech,21.9,114.0,92.1,3,Texas Tech,2018,3
214,2018 Michigan St.,26.3,120.0,93.6,3,Michigan St.,2018,1
215,2018 Tennessee,22.1,114.8,92.7,3,Tennessee,2018,1
216,2018 Gonzaga,24.7,119.8,95.1,4,Gonzaga,2018,2
217,2018 Auburn,20.6,118.2,97.6,4,Auburn,2018,1
218,2018 Arizona,19.4,119.0,99.6,4,Arizona,2018,0
219,2018 Wichita St.,20.1,121.9,101.9,4,Wichita St.,2018,0
220,2018 Clemson,20.3,113.8,93.5,5,Clemson,2018,2
221,2018 Kentucky,20.4,116.4,96.0,5,Kentucky,2018,2
222,2018 West Virginia,21.8,119.2,97.4,5,West Virginia,2018,2
223,2018 Ohio St.,21.1,116.2,95.0,5,Ohio St.,2018,1
224,2018 Florida,18.7,115.1,96.4,6,Florida,2018,1
225,2018 Houston,20.5,115.8,95.2,6,Houston,2018,1
226,2018 Miami FL,15.7,113.3,97.6,6,Miami FL,2018,0
227,2018 TCU,18.9,120.6,101.7,6,TCU,2018,0
228,2018 Nevada,18.2,119.9,101.7,7,Nevada,2018,2
229,2018 Texas A&M,16.9,111.2,94.3,7,Texas A&M,2018,2
230,2018 Rhode Island,14.4,111.7,97.3,7,Rhode Island,2018,1
231,2018 Arkansas,15.6,117.3,101.7,7,Arkansas,2018,0
232,2018 Seton Hall,17.3,116.3,99.0,8,Seton Hall,2018,1
233,2018 Creighton,17.3,116.5,99.2,8,Creighton,2018,0
234,2018 Missouri,15.5,113.3,97.8,8,Missouri,2018,0
235,2018 Virginia Tech,16.6,115.0,98.4,8,Virginia Tech,2018,0
236,2018 Florida St.,15.8,115.8,100.0,9,Florida St.,2018,3
237,2018 Kansas St.,14.8,112.2,97.4,9,Kansas St.,2018,3
238,2018 Alabama,13.8,108.5,94.6,9,Alabama,2018,1
239,2018 North Carolina St.,15.1,116.4,101.3,9,North Carolina St.,2018,0
240,2018 Butler,17.9,115.8,97.9,10,Butler,2018,1
241,2018 Oklahoma,14.4,115.1,100.7,10,Oklahoma,2018,0
242,2018 Providence,11.9,108.9,97.0,10,Providence,2018,0
243,2018 Texas,15.5,109.4,93.9,10,Texas,2018,0
244,2018 Loyola Chicago,15.1,111.3,96.2,11,Loyola Chicago,2018,4
245,2018 Syracuse,13.6,107.7,94.1,11,Syracuse,2018,2
246,2018 San Diego St.,14.2,111.3,97.1,11,San Diego St.,2018,0
247,2018 St. Bonaventure,11.2,112.3,101.1,11,St. Bonaventure,2018,0
250,2018 Davidson,14.9,117.4,102.5,12,Davidson,2018,0
251,2018 Murray St.,12.7,113.1,100.4,12,Murray St.,2018,0
252,2018 New Mexico St.,13.6,108.5,94.9,12,New Mexico St.,2018,0
253,2018 South Dakota St.,10.6,114.6,104.0,12,South Dakota St.,2018,0
254,2018 Buffalo,10.5,114.3,103.8,13,Buffalo,2018,1
255,2018 Marshall,5.4,109.3,103.9,13,Marshall,2018,1
256,2018 College of Charleston,4.7,109.9,105.2,13,College of Charleston,2018,0
257,2018 UNC Greensboro,9.1,105.7,96.6,13,UNC Greensboro,2018,0
258,2018 Bucknell,6.8,109.2,102.4,14,Bucknell,2018,0
259,2018 Montana,10.8,110.1,99.3,14,Montana,2018,0
260,2018 Stephen F. Austin,5.6,105.0,99.4,14,Stephen F. Austin,2018,0
261,2018 Wright St.,2.8,101.1,98.3,14,Wright St.,2018,0
262,2018 Cal St. Fullerton,1.3,105.0,103.7,15,Cal St. Fullerton,2018,0
263,2018 Georgia St.,7.2,109.0,101.8,15,Georgia St.,2018,0
264,2018 Iona,2.9,110.3,107.4,15,Iona,2018,0
265,2018 Lipscomb,0.4,103.8,103.4,15,Lipscomb,2018,0
266,2018 UMBC,-1.9,103.4,105.3,16,UMBC,2018,1
267,2018 Penn,3.7,103.6,99.9,16,Penn,2018,0
268,2018 Radford,0.0,103.6,103.6,16,Radford,2018,0
269,2018 Texas Southern,-7.7,105.3,112.9,16,Texas Southern,2018,0
272,2017 North Carolina,28.0,122.1,94.1,1,North Carolina,2017,6
273,2017 Gonzaga,33.1,120.7,87.7,1,Gonzaga,2017,5
274,2017 Kansas,26.0,120.8,94.9,1,Kansas,2017,3
275,2017 Villanova,30.8,122.8,92.0,1,Villanova,2017,1
276,2017 Kentucky,27.3,119.1,91.9,2,Kentucky,2017,3
277,2017 Arizona,22.7,117.6,94.8,2,Arizona,2017,2
278,2017 Duke,25.1,121.0,95.9,2,Duke,2017,1
279,2017 Louisville,26.7,117.2,90.5,2,Louisville,2017,1
280,2017 Oregon,23.8,117.7,93.9,3,Oregon,2017,4
281,2017 Baylor,25.0,117.3,92.3,3,Baylor,2017,2
282,2017 UCLA,23.0,122.8,99.8,3,UCLA,2017,2
283,2017 Florida St.,22.7,116.7,94.0,3,Florida St.,2017,1
284,2017 Florida,26.4,115.9,89.5,4,Florida,2017,3
285,2017 Butler,20.9,118.0,97.1,4,Butler,2017,2
286,2017 Purdue,24.2,116.9,92.7,4,Purdue,2017,2
287,2017 West Virginia,26.8,116.5,89.7,4,West Virginia,2017,2
288,2017 Iowa St.,23.1,119.5,96.4,5,Iowa St.,2017,1
289,2017 Notre Dame,21.1,118.9,97.8,5,Notre Dame,2017,1
290,2017 Virginia,26.7,113.7,87.0,5,Virginia,2017,1
291,2017 Minnesota,16.6,109.6,93.0,5,Minnesota,2017,0
292,2017 Cincinnati,22.3,114.2,91.9,6,Cincinnati,2017,1
293,2017 Creighton,19.6,115.6,96.0,6,Creighton,2017,0
294,2017 Maryland,14.8,113.6,98.7,6,Maryland,2017,0
295,2017 SMU,25.3,120.1,94.8,6,SMU,2017,0
296,2017 South Carolina,17.0,105.5,88.5,7,South Carolina,2017,4
297,2017 Michigan,22.6,121.6,99.0,7,Michigan,2017,2
298,2017 Saint Mary's,24.6,118.9,94.3,7,Saint Mary's,2017,1
299,2017 Dayton,15.7,112.3,96.6,7,Dayton,2017,0
300,2017 Wisconsin,22.3,113.6,91.3,8,Wisconsin,2017,2
301,2017 Arkansas,15.6,116.6,101.0,8,Arkansas,2017,1
302,2017 Northwestern,15.5,111.2,95.7,8,Northwestern,2017,1
303,2017 Miami FL,17.0,110.4,93.4,8,Miami FL,2017,0
304,2017 Michigan St.,15.0,110.6,95.6,9,Michigan St.,2017,1
305,2017 Seton Hall,13.9,109.8,95.9,9,Seton Hall,2017,0
306,2017 Vanderbilt,16.2,112.3,96.1,9,Vanderbilt,2017,0
307,2017 Virginia Tech,14.9,117.4,102.4,9,Virginia Tech,2017,0
308,2017 Wichita St.,26.4,119.6,93.2,10,Wichita St.,2017,1
309,2017 Marquette,17.6,120.9,103.4,10,Marquette,2017,0
310,2017 Oklahoma St.,22.1,124.8,102.7,10,Oklahoma St.,2017,0
311,2017 VCU,14.3,110.0,95.7,10,VCU,2017,0
312,2017 Xavier,15.3,114.7,99.4,11,Xavier,2017,3
313,2017 Rhode Island,15.6,110.7,95.1,11,Rhode Island,2017,1
314,2017 USC,12.3,112.5,100.2,11,USC,2017,1
315,2017 Kansas St.,17.6,112.0,94.5,11,Kansas St.,2017,0
318,2017 Middle Tennessee,14.7,111.6,97.0,12,Middle Tennessee,2017,1
319,2017 Nevada,13.3,114.5,101.1,12,Nevada,2017,0
320,2017 Princeton,12.5,109.4,96.9,12,Princeton,2017,0
321,2017 UNC Wilmington,12.4,117.7,105.3,12,UNC Wilmington,2017,0
322,2017 Bucknell,8.7,109.1,100.4,13,Bucknell,2017,0
323,2017 East Tennessee St.,11.5,108.0,96.5,13,East Tennessee St.,2017,0
324,2017 Vermont,11.9,110.8,98.9,13,Vermont,2017,0
325,2017 Winthrop,4.6,106.4,101.8,13,Winthrop,2017,0
326,2017 Florida Gulf Coast,5.0,109.6,104.5,14,Florida Gulf Coast,2017,0
327,2017 Iona,4.0,110.2,106.2,14,Iona,2017,0
328,2017 Kent St.,1.7,104.4,102.7,14,Kent St.,2017,0
329,2017 New Mexico St.,7.3,110.1,102.7,14,New Mexico St.,2017,0
330,2017 Jacksonville St.,0.6,105.4,104.8,15,Jacksonville St.,2017,0
331,2017 North Dakota,-0.3,102.9,103.2,15,North Dakota,2017,0
332,2017 Northern Kentucky,1.3,106.6,105.3,15,Northern Kentucky,2017,0
333,2017 Troy,2.7,109.9,107.2,15,Troy,2017,0
334,2017 Mount St. Mary's,-4.2,99.0,103.2,16,Mount St. Mary's,2017,0
335,2017 South Dakota St.,-1.3,110.8,112.1,16,South Dakota St.,2017,0
336,2017 Texas Southern,-3.7,103.6,107.3,16,Texas Southern,2017,0
337,2017 UC Davis,-4.8,97.9,102.6,16,UC Davis,2017,0
340,2016 North Carolina,28.0,121.1,93.1,1,North Carolina,2016,5
341,2016 Kansas,29.8,120.4,90.6,1,Kansas,2016,3
342,2016 Oregon,22.8,119.6,96.8,1,Oregon,2016,3
343,2016 Virginia,29.1,120.2,91.1,1,Virginia,2016,3
344,2016 Villanova,26.7,118.3,91.6,2,Villanova,2016,6
345,2016 Oklahoma,24.8,117.3,92.4,2,Oklahoma,2016,4
346,2016 Xavier,21.7,117.1,95.4,2,Xavier,2016,1
347,2016 Michigan St.,29.7,123.0,93.3,2,Michigan St.,2016,0
348,2016 Miami FL,22.8,118.8,96.0,3,Miami FL,2016,2
349,2016 Texas A&M,21.8,114.2,92.4,3,Texas A&M,2016,2
350,2016 Utah,18.1,115.7,97.6,3,Utah,2016,1
351,2016 West Virginia,25.9,116.4,90.5,3,West Virginia,2016,0
352,2016 Duke,22.1,121.8,99.7,4,Duke,2016,2
353,2016 Iowa St.,21.1,121.0,100.0,4,Iowa St.,2016,2
354,2016 Kentucky,25.2,122.5,97.3,4,Kentucky,2016,1
355,2016 California,19.6,112.9,93.3,4,California,2016,0
356,2016 Indiana,22.8,120.9,98.1,5,Indiana,2016,2
357,2016 Maryland,20.7,116.3,95.6,5,Maryland,2016,2
358,2016 Baylor,19.9,118.8,98.8,5,Baylor,2016,0
359,2016 Purdue,24.6,117.0,92.4,5,Purdue,2016,0
360,2016 Notre Dame,16.0,119.7,103.7,6,Notre Dame,2016,3
361,2016 Arizona,21.9,117.4,95.5,6,Arizona,2016,0
362,2016 Seton Hall,17.7,111.4,93.8,6,Seton Hall,2016,0
363,2016 Texas,17.1,112.8,95.7,6,Texas,2016,0
364,2016 Wisconsin,16.4,111.8,95.4,7,Wisconsin,2016,2
365,2016 Iowa,21.4,116.3,94.9,7,Iowa,2016,1
366,2016 Dayton,13.3,106.9,93.6,7,Dayton,2016,0
367,2016 Oregon St.,12.4,110.8,98.4,7,Oregon St.,2016,0
368,2016 Saint Joseph's,14.6,113.4,98.8,8,Saint Joseph's,2016,1
369,2016 Colorado,13.6,108.8,95.2,8,Colorado,2016,0
370,2016 Texas Tech,14.7,113.8,99.1,8,Texas Tech,2016,0
371,2016 USC,14.8,113.9,99.1,8,USC,2016,0
372,2016 Butler,15.8,117.3,101.5,9,Butler,2016,1
373,2016 Connecticut,18.8,111.7,92.9,9,Connecticut,2016,1
374,2016 Providence,13.6,109.3,95.7,9,Providence,2016,1
375,2016 Cincinnati,17.2,110.0,92.9,9,Cincinnati,2016,0
376,2016 Syracuse,15.9,111.4,95.5,10,Syracuse,2016,4
377,2016 VCU,16.2,111.0,94.8,10,VCU,2016,1
378,2016 Pittsburgh,16.2,115.5,99.3,10,Pittsburgh,2016,0
379,2016 Temple,8.3,106.6,98.3,10,Temple,2016,0
380,2016 Gonzaga,19.3,116.4,97.2,11,Gonzaga,2016,2
381,2016 Northern Iowa,10.1,108.3,98.2,11,Northern Iowa,2016,1
382,2016 Wichita St.,21.2,111.7,90.6,11,Wichita St.,2016,1
383,2016 Michigan,14.6,115.1,100.5,11,Michigan,2016,0
386,2016 Arkansas Little Rock,13.3,109.0,95.6,12,Arkansas Little Rock,2016,1
387,2016 Yale,13.8,109.5,95.7,12,Yale,2016,1
388,2016 Chattanooga,7.4,107.2,99.7,12,Chattanooga,2016,0
389,2016 South Dakota St.,9.6,110.8,101.2,12,South Dakota St.,2016,0
390,2016 Hawaii,11.7,108.2,96.5,13,Hawaii,2016,1
391,2016 Iona,7.8,110.6,102.8,13,Iona,2016,0
392,2016 Stony Brook,8.5,107.5,98.9,13,Stony Brook,2016,0
393,2016 UNC Wilmington,9.3,110.1,100.8,13,UNC Wilmington,2016,0
394,2016 Stephen F. Austin,14.4,111.3,96.9,14,Stephen F. Austin,2016,1
395,2016 Buffalo,2.7,105.5,102.8,14,Buffalo,2016,0
396,2016 Fresno St.,6.7,107.1,100.4,14,Fresno St.,2016,0
397,2016 Green Bay,4.0,108.2,104.2,14,Green Bay,2016,0
398,2016 Middle Tennessee,3.9,103.1,99.2,15,Middle Tennessee,2016,1
399,2016 Cal St. Bakersfield,6.5,103.4,96.9,15,Cal St. Bakersfield,2016,0
400,2016 UNC Asheville,4.2,103.5,99.3,15,UNC Asheville,2016,0
401,2016 Weber St.,2.7,103.6,100.9,15,Weber St.,2016,0
402,2016 Austin Peay,-5.1,104.0,109.1,16,Austin Peay,2016,0
403,2016 Florida Gulf Coast,-1.4,102.9,104.3,16,Florida Gulf Coast,2016,0
404,2016 Hampton,-6.8,99.8,106.6,16,Hampton,2016,0
405,2016 Holy Cross,-11.5,97.0,108.5,16,Holy Cross,2016,0
408,2015 Duke,29.3,124.3,94.9,1,Duke,2015,6
409,2015 Wisconsin,33.5,126.8,93.3,1,Wisconsin,2015,5
410,2015 Kentucky,37.4,121.3,83.8,1,Kentucky,2015,4
411,2015 Villanova,31.0,122.5,91.5,1,Villanova,2015,1
412,2015 Arizona,32.3,118.2,85.9,2,Arizona,2015,3
413,2015 Gonzaga,28.9,121.9,93.0,2,Gonzaga,2015,3
414,2015 Kansas,23.7,114.3,90.5,2,Kansas,2015,1
415,2015 Virginia,30.9,115.3,84.4,2,Virginia,2015,1
416,2015 Notre Dame,24.1,124.6,100.6,3,Notre Dame,2015,3
417,2015 Oklahoma,24.1,111.8,87.7,3,Oklahoma,2015,2
418,2015 Baylor,23.5,117.2,93.7,3,Baylor,2015,0
419,2015 Iowa St.,23.0,120.2,97.1,3,Iowa St.,2015,0
420,2015 Louisville,20.4,108.6,88.2,4,Louisville,2015,3
421,2015 North Carolina,23.8,117.9,94.1,4,North Carolina,2015,2
422,2015 Georgetown,19.6,113.2,93.6,4,Georgetown,2015,1
423,2015 Maryland,16.2,111.1,94.9,4,Maryland,2015,1
424,2015 Utah,26.9,116.4,89.5,5,Utah,2015,2
425,2015 West Virginia,18.8,113.3,94.5,5,West Virginia,2015,2
426,2015 Arkansas,17.0,114.9,98.0,5,Arkansas,2015,1
427,2015 Northern Iowa,21.0,115.2,94.2,5,Northern Iowa,2015,1
428,2015 Xavier,18.7,115.3,96.6,6,Xavier,2015,2
429,2015 Butler,19.6,110.6,90.9,6,Butler,2015,1
430,2015 Providence,17.6,113.0,95.4,6,Providence,2015,0
431,2015 SMU,18.0,113.5,95.5,6,SMU,2015,0
432,2015 Michigan St.,20.9,116.0,95.1,7,Michigan St.,2015,4
433,2015 Wichita St.,21.7,115.0,93.3,7,Wichita St.,2015,2
434,2015 Iowa,18.3,113.4,95.1,7,Iowa,2015,1
435,2015 VCU,16.5,110.6,94.1,7,VCU,2015,0
436,2015 North Carolina St.,15.4,114.0,98.6,8,North Carolina St.,2015,2
437,2015 Cincinnati,14.2,108.4,94.1,8,Cincinnati,2015,1
438,2015 Oregon,13.2,114.5,101.3,8,Oregon,2015,1
439,2015 San Diego St.,16.2,104.4,88.2,8,San Diego St.,2015,1
440,2015 LSU,13.9,108.7,94.8,9,LSU,2015,0
441,2015 Oklahoma St.,16.2,111.8,95.6,9,Oklahoma St.,2015,0
442,2015 Purdue,14.0,110.8,96.8,9,Purdue,2015,0
443,2015 St. John's,14.3,110.1,95.8,9,St. John's,2015,0
444,2015 Ohio St.,21.0,115.3,94.3,10,Ohio St.,2015,1
445,2015 Davidson,16.8,120.5,103.7,10,Davidson,2015,0
446,2015 Georgia,15.4,109.5,94.1,10,Georgia,2015,0
447,2015 Indiana,13.8,119.3,105.5,10,Indiana,2015,0
448,2015 UCLA,14.1,112.3,98.1,11,UCLA,2015,2
449,2015 Dayton,13.9,109.0,95.1,11,Dayton,2015,1
450,2015 Mississippi,14.4,114.6,100.1,11,Mississippi,2015,0
451,2015 Texas,20.1,112.9,92.8,11,Texas,2015,0
454,2015 Buffalo,12.3,111.3,99.0,12,Buffalo,2015,0
455,2015 Stephen F. Austin,14.0,114.5,100.5,12,Stephen F. Austin,2015,0
456,2015 Wofford,6.4,104.9,98.5,12,Wofford,2015,0
457,2015 Wyoming,6.4,104.5,98.1,12,Wyoming,2015,0
458,2015 Eastern Washington,3.0,112.2,109.2,13,Eastern Washington,2015,0
459,2015 Harvard,8.7,103.7,94.9,13,Harvard,2015,0
460,2015 UC Irvine,6.9,105.8,99.0,13,UC Irvine,2015,0
461,2015 Valparaiso,11.0,106.6,95.7,13,Valparaiso,2015,0
462,2015 Georgia St.,9.8,110.5,100.7,14,Georgia St.,2015,1
463,2015 UAB,2.8,104.6,101.8,14,UAB,2015,1
464,2015 Albany,3.0,106.5,103.4,14,Albany,2015,0
465,2015 Northeastern,4.8,107.9,103.1,14,Northeastern,2015,0
466,2015 Belmont,1.5,109.1,107.6,15,Belmont,2015,0
467,2015 New Mexico St.,7.0,106.8,99.8,15,New Mexico St.,2015,0
468,2015 North Dakota St.,0.6,102.7,102.1,15,North Dakota St.,2015,0
469,2015 Texas Southern,-3.9,103.0,106.9,15,Texas Southern,2015,0
470,2015 Coastal Carolina,1.6,105.4,103.8,16,Coastal Carolina,2015,0
471,2015 Hampton,-8.5,96.0,104.6,16,Hampton,2015,0
472,2015 Lafayette,-1.8,112.7,114.5,16,Lafayette,2015,0
473,2015 Robert Morris,-1.5,102.3,103.9,16,Robert Morris,2015,0
476,2014 Florida,27.8,116.2,88.4,1,Florida,2014,4
477,2014 Arizona,30.4,115.2,84.8,1,Arizona,2014,3
478,2014 Virginia,26.4,113.9,87.4,1,Virginia,2014,2
479,2014 Wichita St.,25.2,117.1,91.9,1,Wichita St.,2014,1
480,2014 Wisconsin,23.8,120.7,96.9,2,Wisconsin,2014,4
481,2014 Michigan,22.8,122.4,99.6,2,Michigan,2014,3
482,2014 Kansas,25.4,120.0,94.6,2,Kansas,2014,1
483,2014 Villanova,25.3,117.2,91.9,2,Villanova,2014,1
484,2014 Iowa St.,21.0,116.8,95.8,3,Iowa St.,2014,2
485,2014 Creighton,24.8,125.7,100.9,3,Creighton,2014,1
486,2014 Syracuse,21.5,114.7,93.2,3,Syracuse,2014,1
487,2014 Duke,25.3,124.8,99.4,3,Duke,2014,0
488,2014 Michigan St.,23.8,118.2,94.4,4,Michigan St.,2014,3
489,2014 Louisville,30.6,119.1,88.5,4,Louisville,2014,2
490,2014 San Diego St.,19.8,109.1,89.2,4,San Diego St.,2014,2
491,2014 UCLA,22.3,118.1,95.9,4,UCLA,2014,2
492,2014 Saint Louis,15.8,105.6,89.8,5,Saint Louis,2014,1
493,2014 Cincinnati,19.1,109.2,90.1,5,Cincinnati,2014,0
494,2014 Oklahoma,18.4,117.9,99.5,5,Oklahoma,2014,0
495,2014 VCU,20.2,108.7,88.5,5,VCU,2014,0
496,2014 Baylor,17.9,118.7,100.8,6,Baylor,2014,2
497,2014 North Carolina,18.4,111.5,93.2,6,North Carolina,2014,1
498,2014 Massachusetts,14.2,109.8,95.7,6,Massachusetts,2014,0
499,2014 Ohio St.,21.7,109.4,87.7,6,Ohio St.,2014,0
500,2014 Connecticut,19.1,111.4,92.2,7,Connecticut,2014,6
501,2014 Oregon,18.8,118.3,99.5,7,Oregon,2014,1
502,2014 Texas,15.0,110.3,95.3,7,Texas,2014,1
503,2014 New Mexico,17.5,113.8,96.2,7,New Mexico,2014,0
504,2014 Kentucky,21.2,116.2,95.1,8,Kentucky,2014,5
505,2014 Gonzaga,20.6,113.6,93.0,8,Gonzaga,2014,1
506,2014 Memphis,14.9,111.3,96.3,8,Memphis,2014,1
507,2014 Colorado,12.5,107.9,95.4,8,Colorado,2014,0
508,2014 Pittsburgh,21.5,116.4,94.9,9,Pittsburgh,2014,1
509,2014 George Washington,14.2,110.2,96.0,9,George Washington,2014,0
510,2014 Kansas St.,14.4,108.3,93.9,9,Kansas St.,2014,0
511,2014 Oklahoma St.,21.5,115.8,94.2,9,Oklahoma St.,2014,0
512,2014 Stanford,16.0,113.4,97.4,10,Stanford,2014,2
513,2014 Arizona St.,15.4,110.2,94.8,10,Arizona St.,2014,0
514,2014 BYU,14.8,114.7,100.0,10,BYU,2014,0
515,2014 Saint Joseph's,13.0,111.3,98.2,10,Saint Joseph's,2014,0
516,2014 Dayton,13.0,113.7,100.7,11,Dayton,2014,3
517,2014 Tennessee,21.7,115.2,93.4,11,Tennessee,2014,2
518,2014 Nebraska,13.1,108.8,95.7,11,Nebraska,2014,0
519,2014 Providence,14.7,114.0,99.3,11,Providence,2014,0
521,2014 Harvard,17.3,112.0,94.7,12,Harvard,2014,1
522,2014 North Dakota St.,12.6,116.0,103.4,12,North Dakota St.,2014,1
523,2014 Stephen F. Austin,10.8,111.4,100.7,12,Stephen F. Austin,2014,1
524,2014 North Carolina St.,10.5,113.2,102.7,12,North Carolina St.,2014,0
526,2014 Delaware,5.8,111.3,105.5,13,Delaware,2014,0
527,2014 Manhattan,9.6,106.5,97.0,13,Manhattan,2014,0
528,2014 New Mexico St.,10.6,112.7,102.1,13,New Mexico St.,2014,0
529,2014 Tulsa,9.3,106.0,96.6,13,Tulsa,2014,0
530,2014 Mercer,7.5,108.8,101.3,14,Mercer,2014,1
531,2014 Louisiana Lafayette,5.1,109.9,104.9,14,Louisiana Lafayette,2014,0
532,2014 North Carolina Central,8.3,107.3,99.0,14,North Carolina Central,2014,0
533,2014 Western Michigan,4.4,106.4,102.0,14,Western Michigan,2014,0
534,2014 American,5.9,103.9,98.0,15,American,2014,0
535,2014 Eastern Kentucky,3.0,111.3,108.3,15,Eastern Kentucky,2014,0
536,2014 Milwaukee,0.4,104.6,104.3,15,Milwaukee,2014,0
537,2014 Wofford,-2.0,100.9,102.9,15,Wofford,2014,0
538,2014 Albany,-1.7,102.2,103.9,16,Albany,2014,0
539,2014 Cal Poly,-0.6,103.2,103.8,16,Cal Poly,2014,0
540,2014 Coastal Carolina,-6.0,97.0,103.0,16,Coastal Carolina,2014,0
541,2014 Weber St.,-0.5,106.0,106.5,16,Weber St.,2014,0
544,2013 Louisville,31.1,114.3,83.2,1,Louisville,2013,6
545,2013 Indiana,29.9,122.5,92.6,1,Indiana,2013,2
546,2013 Kansas,25.4,113.3,87.8,1,Kansas,2013,2
547,2013 Gonzaga,28.9,120.8,91.9,1,Gonzaga,2013,1
548,2013 Duke,26.7,119.6,92.9,2,Duke,2013,3
549,2013 Ohio St.,25.2,114.5,89.3,2,Ohio St.,2013,3
550,2013 Miami FL,22.3,113.0,90.8,2,Miami FL,2013,2
551,2013 Georgetown,22.2,107.7,85.6,2,Georgetown,2013,0
552,2013 Florida,32.0,118.2,86.2,3,Florida,2013,3
553,2013 Marquette,18.7,114.0,95.3,3,Marquette,2013,3
554,2013 Michigan St.,23.2,112.7,89.4,3,Michigan St.,2013,2
555,2013 New Mexico,20.7,110.5,89.8,3,New Mexico,2013,0
556,2013 Michigan,25.0,120.9,95.9,4,Michigan,2013,5
557,2013 Syracuse,22.6,114.5,92.0,4,Syracuse,2013,4
558,2013 Saint Louis,20.3,109.0,88.7,4,Saint Louis,2013,1
559,2013 Kansas St.,18.3,113.3,95.0,4,Kansas St.,2013,0
560,2013 VCU,19.3,113.7,94.4,5,VCU,2013,1
561,2013 Oklahoma St.,19.4,109.7,90.2,5,Oklahoma St.,2013,0
562,2013 UNLV,17.2,106.9,89.6,5,UNLV,2013,0
563,2013 Wisconsin,23.0,108.8,85.8,5,Wisconsin,2013,0
564,2013 Arizona,20.5,114.3,93.7,6,Arizona,2013,2
565,2013 Butler,14.8,110.1,95.3,6,Butler,2013,1
566,2013 Memphis,16.7,108.6,91.9,6,Memphis,2013,1
567,2013 UCLA,15.2,111.5,96.3,6,UCLA,2013,0
568,2013 Creighton,22.2,119.4,97.2,7,Creighton,2013,1
569,2013 Illinois,15.1,110.5,95.4,7,Illinois,2013,1
570,2013 San Diego St.,18.6,107.7,89.1,7,San Diego St.,2013,1
571,2013 Notre Dame,17.4,115.5,98.1,7,Notre Dame,2013,0
572,2013 Colorado St.,20.2,118.1,98.0,8,Colorado St.,2013,1
573,2013 North Carolina,17.2,112.5,95.3,8,North Carolina,2013,1
574,2013 North Carolina St.,17.4,116.8,99.4,8,North Carolina St.,2013,0
575,2013 Pittsburgh,25.1,116.3,91.2,8,Pittsburgh,2013,0
576,2013 Wichita St.,17.4,110.0,92.6,9,Wichita St.,2013,4
577,2013 Temple,12.0,111.5,99.5,9,Temple,2013,1
578,2013 Missouri,19.2,115.0,95.8,9,Missouri,2013,0
579,2013 Villanova,13.6,106.1,92.4,9,Villanova,2013,0
580,2013 Iowa St.,16.3,116.9,100.6,10,Iowa St.,2013,1
581,2013 Cincinnati,15.6,105.8,90.2,10,Cincinnati,2013,0
582,2013 Colorado,14.8,107.3,92.5,10,Colorado,2013,0
583,2013 Oklahoma,14.3,111.4,97.1,10,Oklahoma,2013,0
584,2013 Minnesota,19.1,113.8,94.6,11,Minnesota,2013,1
585,2013 Belmont,15.8,111.6,95.8,11,Belmont,2013,0
586,2013 Bucknell,13.4,107.9,94.4,11,Bucknell,2013,0
587,2013 Saint Mary's,18.9,116.7,97.8,11,Saint Mary's,2013,0
589,2013 Oregon,14.9,105.5,90.7,12,Oregon,2013,2
590,2013 California,12.7,107.4,94.7,12,California,2013,1
591,2013 Mississippi,16.5,112.3,95.8,12,Mississippi,2013,1
592,2013 Akron,13.7,107.8,94.1,12,Akron,2013,0
593,2013 La Salle,13.3,110.5,97.2,13,La Salle,2013,2
594,2013 Montana,2.7,105.6,102.9,13,Montana,2013,0
595,2013 New Mexico St.,8.8,105.6,96.7,13,New Mexico St.,2013,0
596,2013 South Dakota St.,7.2,112.6,105.4,13,South Dakota St.,2013,0
598,2013 Harvard,6.9,108.1,101.2,14,Harvard,2013,1
599,2013 Davidson,11.2,112.4,101.3,14,Davidson,2013,0
600,2013 Northwestern St.,3.2,106.9,103.7,14,Northwestern St.,2013,0
601,2013 Valparaiso,11.9,111.1,99.1,14,Valparaiso,2013,0
602,2013 Florida Gulf Coast,3.4,103.3,100.0,15,Florida Gulf Coast,2013,2
603,2013 Albany,1.2,102.3,101.2,15,Albany,2013,0
604,2013 Iona,7.9,114.6,106.8,15,Iona,2013,0
605,2013 Pacific,5.5,106.9,101.3,15,Pacific,2013,0
606,2013 James Madison,-1.7,99.6,101.2,16,James Madison,2013,0
607,2013 North Carolina A&T,-5.3,92.6,97.9,16,North Carolina A&T,2013,0
608,2013 Southern,-0.3,99.0,99.3,16,Southern,2013,0
609,2013 Western Kentucky,-1.0,101.8,102.8,16,Western Kentucky,2013,0
612,2012 Kentucky,31.7,120.6,88.8,1,Kentucky,2012,6
613,2012 North Carolina,26.3,117.1,90.8,1,North Carolina,2012,3
614,2012 Syracuse,25.5,116.0,90.5,1,Syracuse,2012,3
615,2012 Michigan St.,28.8,115.1,86.3,1,Michigan St.,2012,2
616,2012 Kansas,26.9,116.1,89.1,2,Kansas,2012,5
617,2012 Ohio St.,29.9,117.7,87.8,2,Ohio St.,2012,4
618,2012 Duke,20.9,117.9,97.0,2,Duke,2012,0
619,2012 Missouri,26.7,124.5,97.8,2,Missouri,2012,0
620,2012 Baylor,21.4,115.7,94.2,3,Baylor,2012,3
621,2012 Marquette,19.3,112.4,93.1,3,Marquette,2012,2
622,2012 Florida St.,18.0,107.8,89.8,3,Florida St.,2012,1
623,2012 Georgetown,20.3,110.0,89.7,3,Georgetown,2012,1
624,2012 Louisville,18.8,105.2,86.4,4,Louisville,2012,4
625,2012 Indiana,22.5,119.5,97.0,4,Indiana,2012,2
626,2012 Wisconsin,23.3,112.0,88.7,4,Wisconsin,2012,2
627,2012 Michigan,18.1,114.0,95.9,4,Michigan,2012,0
628,2012 New Mexico,20.0,110.4,90.5,5,New Mexico,2012,1
629,2012 Vanderbilt,20.3,114.8,94.4,5,Vanderbilt,2012,1
630,2012 Temple,15.5,114.1,98.6,5,Temple,2012,0
631,2012 Wichita St.,23.2,117.0,93.7,5,Wichita St.,2012,0
632,2012 Cincinnati,15.1,109.3,94.1,6,Cincinnati,2012,2
633,2012 Murray St.,15.1,110.2,95.1,6,Murray St.,2012,1
634,2012 San Diego St.,12.5,107.3,94.8,6,San Diego St.,2012,0
635,2012 UNLV,16.1,110.0,93.9,6,UNLV,2012,0
636,2012 Florida,20.3,120.3,100.0,7,Florida,2012,3
637,2012 Gonzaga,17.0,111.6,94.6,7,Gonzaga,2012,1
638,2012 Notre Dame,14.2,110.3,96.0,7,Notre Dame,2012,0
639,2012 Saint Mary's,15.5,114.4,98.9,7,Saint Mary's,2012,0
640,2012 Creighton,17.1,119.6,102.6,8,Creighton,2012,1
641,2012 Iowa St.,16.5,112.8,96.4,8,Iowa St.,2012,1
642,2012 Kansas St.,18.3,110.0,91.7,8,Kansas St.,2012,1
643,2012 Memphis,22.6,114.7,92.1,8,Memphis,2012,0
644,2012 Saint Louis,20.6,111.6,91.1,9,Saint Louis,2012,1
645,2012 Alabama,16.7,106.0,89.4,9,Alabama,2012,0
646,2012 Connecticut,15.0,111.1,96.1,9,Connecticut,2012,0
647,2012 Southern Miss,11.3,111.2,100.0,9,Southern Miss,2012,0
648,2012 Xavier,11.6,107.6,96.0,10,Xavier,2012,2
649,2012 Purdue,16.0,116.1,100.1,10,Purdue,2012,1
650,2012 Virginia,17.4,106.2,88.8,10,Virginia,2012,0
651,2012 West Virginia,14.5,111.6,97.1,10,West Virginia,2012,0
652,2012 North Carolina St.,13.1,111.8,98.7,11,North Carolina St.,2012,2
653,2012 Colorado,8.3,104.6,96.3,11,Colorado,2012,1
654,2012 Colorado St.,9.5,113.3,103.8,11,Colorado St.,2012,0
655,2012 Texas,16.5,113.3,96.7,11,Texas,2012,0
656,2012 South Florida,11.5,102.8,91.3,12,South Florida,2012,1
657,2012 VCU,12.6,107.2,94.5,12,VCU,2012,1
658,2012 Harvard,14.8,108.4,93.6,12,Harvard,2012,0
659,2012 Long Beach St.,15.6,111.6,95.9,12,Long Beach St.,2012,0
661,2012 Ohio,10.8,105.7,95.0,13,Ohio,2012,2
662,2012 Davidson,10.7,111.8,101.1,13,Davidson,2012,0
663,2012 Montana,7.9,103.5,95.7,13,Montana,2012,0
664,2012 New Mexico St.,11.7,109.1,97.5,13,New Mexico St.,2012,0
665,2012 Belmont,17.7,117.1,99.4,14,Belmont,2012,0
666,2012 BYU,12.9,106.9,94.0,14,BYU,2012,0
667,2012 South Dakota St.,11.7,113.8,102.0,14,South Dakota St.,2012,0
668,2012 St. Bonaventure,11.6,110.1,98.5,14,St. Bonaventure,2012,0
670,2012 Lehigh,8.9,108.6,99.7,15,Lehigh,2012,1
671,2012 Norfolk St.,-2.4,99.5,102.0,15,Norfolk St.,2012,1
672,2012 Detroit,5.5,108.4,102.9,15,Detroit,2012,0
673,2012 Loyola MD,3.7,103.7,100.1,15,Loyola MD,2012,0
674,2012 LIU Brooklyn,0.5,108.1,107.6,16,LIU Brooklyn,2012,0
675,2012 UNC Asheville,5.0,109.6,104.6,16,UNC Asheville,2012,0
676,2012 Vermont,4.2,104.4,100.2,16,Vermont,2012,0
677,2012 Western Kentucky,-2.8,98.2,101.0,16,Western Kentucky,2012,0
680,2011 Kansas,28.7,119.5,90.8,1,Kansas,2011,3
681,2011 Duke,29.5,118.6,89.1,1,Duke,2011,2
682,2011 Ohio St.,32.2,123.6,91.4,1,Ohio St.,2011,2
683,2011 Pittsburgh,27.4,119.6,92.2,1,Pittsburgh,2011,1
684,2011 Florida,19.5,114.6,95.0,2,Florida,2011,3
685,2011 North Carolina,21.5,110.7,89.1,2,North Carolina,2011,3
686,2011 Notre Dame,24.7,121.3,96.6,2,Notre Dame,2011,1
687,2011 San Diego St.,25.6,113.8,88.2,2,San Diego St.,2011,2
688,2011 Connecticut,21.7,114.8,93.1,3,Connecticut,2011,6
689,2011 BYU,23.5,117.7,94.3,3,BYU,2011,2
690,2011 Purdue,25.6,115.0,89.4,3,Purdue,2011,1
691,2011 Syracuse,22.6,114.2,91.6,3,Syracuse,2011,1
692,2011 Kentucky,25.3,117.8,92.5,4,Kentucky,2011,4
693,2011 Texas,26.7,114.9,88.2,4,Texas,2011,1
694,2011 Wisconsin,25.6,121.9,96.3,4,Wisconsin,2011,2
695,2011 Louisville,22.9,111.2,88.4,4,Louisville,2011,0
696,2011 Arizona,18.9,115.9,97.1,5,Arizona,2011,3
697,2011 Kansas St.,17.4,109.5,92.1,5,Kansas St.,2011,1
698,2011 West Virginia,20.2,113.3,93.1,5,West Virginia,2011,1
699,2011 Vanderbilt,17.4,115.2,97.8,5,Vanderbilt,2011,0
700,2011 Cincinnati,19.6,109.8,90.2,6,Cincinnati,2011,1
701,2011 Georgetown,19.0,114.3,95.3,6,Georgetown,2011,0
702,2011 St. John's,16.8,110.5,93.7,6,St. John's,2011,0
703,2011 Xavier,16.5,112.8,96.3,6,Xavier,2011,0
704,2011 Temple,17.0,109.7,92.7,7,Temple,2011,1
705,2011 UCLA,13.7,107.6,93.8,7,UCLA,2011,1
706,2011 Washington,22.2,116.5,94.3,7,Washington,2011,1
707,2011 Texas A&M,15.4,109.9,94.6,7,Texas A&M,2011,0
708,2011 Butler,15.0,112.3,97.3,8,Butler,2011,5
709,2011 George Mason,18.3,113.3,95.0,8,George Mason,2011,1
710,2011 Michigan,15.4,110.8,95.4,8,Michigan,2011,1
711,2011 UNLV,18.8,110.3,91.6,8,UNLV,2011,0
712,2011 Illinois,19.6,112.3,92.7,9,Illinois,2011,1
713,2011 Old Dominion,14.3,109.1,94.9,9,Old Dominion,2011,0
714,2011 Tennessee,13.4,108.0,94.6,9,Tennessee,2011,0
715,2011 Villanova,18.3,114.7,96.4,9,Villanova,2011,0
716,2011 Florida St.,15.0,103.2,88.2,10,Florida St.,2011,2
717,2011 Georgia,12.0,107.2,95.2,10,Georgia,2011,0
718,2011 Michigan St.,14.8,108.5,93.7,10,Michigan St.,2011,0
719,2011 Penn St.,14.4,111.8,97.4,10,Penn St.,2011,0
720,2011 VCU,8.7,109.6,100.8,11,VCU,2011,4
721,2011 Marquette,18.1,115.6,97.5,11,Marquette,2011,2
722,2011 Gonzaga,16.5,110.6,94.1,11,Gonzaga,2011,1
723,2011 Missouri,16.6,112.9,96.4,11,Missouri,2011,0
725,2011 Richmond,15.6,111.0,95.4,12,Richmond,2011,2
726,2011 Clemson,17.4,107.9,90.4,12,Clemson,2011,0
727,2011 Memphis,7.0,103.7,96.7,12,Memphis,2011,0
728,2011 Utah St.,20.2,110.4,90.2,12,Utah St.,2011,0
730,2011 Morehead St.,6.8,105.2,98.4,13,Morehead St.,2011,1
731,2011 Belmont,19.0,112.2,93.3,13,Belmont,2011,0
732,2011 Oakland,12.9,117.3,104.3,13,Oakland,2011,0
733,2011 Princeton,8.8,106.2,97.4,13,Princeton,2011,0
734,2011 Bucknell,7.6,105.4,97.8,14,Bucknell,2011,0
735,2011 Indiana St.,4.6,101.5,96.9,14,Indiana St.,2011,0
736,2011 Saint Peter's,3.2,95.0,91.8,14,Saint Peter's,2011,0
737,2011 Wofford,7.6,111.9,104.3,14,Wofford,2011,0
738,2011 Akron,3.8,103.3,99.5,15,Akron,2011,0
739,2011 LIU Brooklyn,5.4,108.9,103.5,15,LIU Brooklyn,2011,0
740,2011 Northern Colorado,4.6,106.0,101.4,15,Northern Colorado,2011,0
741,2011 UC Santa Barbara,4.1,103.5,99.4,15,UC Santa Barbara,2011,0
742,2011 Boston University,-0.4,102.9,103.3,16,Boston University,2011,0
743,2011 Hampton,-3.8,93.9,97.7,16,Hampton,2011,0
744,2011 UNC Asheville,2.4,101.4,99.0,16,UNC Asheville,2011,0
745,2011 UTSA,-5.2,101.5,106.7,16,UTSA,2011,0
748,2010 Duke,31.5,119.3,87.7,1,Duke,2010,6
749,2010 Kentucky,24.9,114.4,89.5,1,Kentucky,2010,3
750,2010 Syracuse,27.6,118.2,90.6,1,Syracuse,2010,2
751,2010 Kansas,32.5,119.9,87.3,1,Kansas,2010,1
752,2010 West Virginia,25.7,117.3,91.6,2,West Virginia,2010,4
753,2010 Kansas St.,24.9,115.4,90.5,2,Kansas St.,2010,3
754,2010 Ohio St.,25.5,117.4,92.0,2,Ohio St.,2010,2
755,2010 Villanova,23.0,118.6,95.6,2,Villanova,2010,1
756,2010 Baylor,23.4,118.4,95.0,3,Baylor,2010,3
757,2010 New Mexico,17.4,114.1,96.8,3,New Mexico,2010,1
758,2010 Pittsburgh,18.8,111.3,92.5,3,Pittsburgh,2010,1
759,2010 Georgetown,24.3,116.6,92.3,3,Georgetown,2010,0
760,2010 Purdue,22.6,110.8,88.2,4,Purdue,2010,2
761,2010 Maryland,22.7,117.6,94.9,4,Maryland,2010,1
762,2010 Wisconsin,25.6,115.4,89.8,4,Wisconsin,2010,1
763,2010 Vanderbilt,17.5,113.6,96.1,4,Vanderbilt,2010,0
764,2010 Butler,20.0,110.7,90.7,5,Butler,2010,5
765,2010 Michigan St.,20.3,112.3,92.0,5,Michigan St.,2010,4
766,2010 Texas A&M,20.1,112.1,91.9,5,Texas A&M,2010,1
767,2010 Temple,21.0,107.3,86.3,5,Temple,2010,0
768,2010 Tennessee,17.4,106.6,89.2,6,Tennessee,2010,3
769,2010 Xavier,19.8,114.8,94.9,6,Xavier,2010,2
770,2010 Marquette,20.5,114.6,94.1,6,Marquette,2010,0
771,2010 Notre Dame,18.4,119.8,101.4,6,Notre Dame,2010,0
772,2010 BYU,24.5,117.3,92.8,7,BYU,2010,1
773,2010 Clemson,19.6,109.9,90.3,7,Clemson,2010,0
774,2010 Oklahoma St.,16.5,111.5,95.0,7,Oklahoma St.,2010,0
775,2010 Richmond,15.2,108.1,92.9,7,Richmond,2010,0
776,2010 California,22.2,120.0,97.7,8,California,2010,1
777,2010 Gonzaga,16.8,112.4,95.6,8,Gonzaga,2010,1
778,2010 Texas,20.6,113.4,92.8,8,Texas,2010,0
779,2010 UNLV,17.2,109.9,92.6,8,UNLV,2010,0
780,2010 Northern Iowa,18.3,108.0,89.8,9,Northern Iowa,2010,2
781,2010 Wake Forest,14.9,106.7,91.8,9,Wake Forest,2010,1
782,2010 Florida St.,18.6,104.9,86.3,9,Florida St.,2010,0
783,2010 Louisville,17.8,115.0,97.2,9,Louisville,2010,0
784,2010 Saint Mary's,19.4,116.4,97.0,10,Saint Mary's,2010,2
785,2010 Georgia Tech,18.0,109.0,91.0,10,Georgia Tech,2010,1
786,2010 Missouri,19.7,110.1,90.4,10,Missouri,2010,1
787,2010 Florida,15.0,112.4,97.4,10,Florida,2010,0
788,2010 Washington,17.9,111.5,93.6,11,Washington,2010,2
789,2010 Old Dominion,17.6,107.8,90.2,11,Old Dominion,2010,1
790,2010 Minnesota,18.7,112.5,93.8,11,Minnesota,2010,0
791,2010 San Diego St.,17.3,111.5,94.2,11,San Diego St.,2010,0
792,2010 Cornell,13.6,115.4,101.9,12,Cornell,2010,2
793,2010 New Mexico St.,6.1,111.3,105.2,12,New Mexico St.,2010,0
794,2010 Utah St.,21.3,116.4,95.1,12,Utah St.,2010,0
795,2010 UTEP,17.6,107.5,89.9,12,UTEP,2010,0
796,2010 Murray St.,14.6,109.0,94.4,13,Murray St.,2010,1
797,2010 Houston,9.3,111.8,102.5,13,Houston,2010,0
798,2010 Siena,13.9,109.6,95.7,13,Siena,2010,0
799,2010 Wofford,9.4,104.3,94.8,13,Wofford,2010,0
800,2010 Ohio,7.4,105.8,98.5,14,Ohio,2010,1
801,2010 Montana,8.5,106.7,98.2,14,Montana,2010,0
802,2010 Oakland,3.7,107.6,103.9,14,Oakland,2010,0
803,2010 Sam Houston St.,7.1,110.8,103.7,14,Sam Houston St.,2010,0
804,2010 Morgan St.,1.9,105.7,103.8,15,Morgan St.,2010,0
805,2010 North Texas,-0.4,102.9,103.3,15,North Texas,2010,0
806,2010 Robert Morris,-1.8,99.6,101.5,15,Robert Morris,2010,0
807,2010 UC Santa Barbara,2.4,100.0,97.7,15,UC Santa Barbara,2010,0
808,2010 Arkansas Pine Bluff,-7.9,91.8,99.7,16,Arkansas Pine Bluff,2010,0
809,2010 East Tennessee St.,2.4,100.3,97.9,16,East Tennessee St.,2010,0
810,2010 Lehigh,-1.5,104.9,106.4,16,Lehigh,2010,0
811,2010 Vermont,3.1,103.7,100.6,16,Vermont,2010,0
813,2009 North Carolina,28.6,122.6,94.1,1,North Carolina,2009,6
814,2009 Connecticut,28.0,114.6,86.6,1,Connecticut,2009,4
815,2009 Louisville,25.4,109.2,83.8,1,Louisville,2009,3
816,2009 Pittsburgh,29.5,121.5,92.0,1,Pittsburgh,2009,3
817,2009 Michigan St.,22.8,112.7,89.9,2,Michigan St.,2009,5
818,2009 Oklahoma,23.3,117.9,94.6,2,Oklahoma,2009,3
819,2009 Duke,25.3,117.9,92.5,2,Duke,2009,2
820,2009 Memphis,29.4,110.8,81.3,2,Memphis,2009,2
821,2009 Villanova,21.7,113.6,91.9,3,Villanova,2009,4
822,2009 Missouri,23.5,114.5,91.0,3,Missouri,2009,3
823,2009 Kansas,23.1,114.8,91.7,3,Kansas,2009,2
824,2009 Syracuse,21.7,117.0,95.3,3,Syracuse,2009,2
825,2009 Gonzaga,26.0,116.9,90.9,4,Gonzaga,2009,2
826,2009 Xavier,19.1,111.2,92.1,4,Xavier,2009,2
827,2009 Washington,21.9,112.7,90.8,4,Washington,2009,1
828,2009 Wake Forest,20.3,111.4,91.1,4,Wake Forest,2009,0
829,2009 Purdue,22.0,110.2,88.2,5,Purdue,2009,2
830,2009 Florida St.,16.0,105.7,89.7,5,Florida St.,2009,0
831,2009 Illinois,19.1,106.4,87.3,5,Illinois,2009,0
832,2009 Utah,19.0,110.9,91.9,5,Utah,2009,0
833,2009 Arizona St.,23.4,117.7,94.2,6,Arizona St.,2009,1
834,2009 Marquette,21.0,117.1,96.1,6,Marquette,2009,1
835,2009 UCLA,25.1,120.0,94.9,6,UCLA,2009,1
836,2009 West Virginia,25.0,114.7,89.7,6,West Virginia,2009,0
837,2009 Texas,18.5,110.7,92.2,7,Texas,2009,1
838,2009 Boston College,12.1,113.4,101.3,7,Boston College,2009,0
839,2009 California,18.2,116.8,98.6,7,California,2009,0
840,2009 Clemson,20.3,116.8,96.5,7,Clemson,2009,0
841,2009 LSU,14.7,110.6,95.9,8,LSU,2009,1
842,2009 Oklahoma St.,17.8,115.1,97.3,8,Oklahoma St.,2009,1
843,2009 BYU,21.7,114.3,92.6,8,BYU,2009,0
844,2009 Ohio St.,16.5,113.7,97.3,8,Ohio St.,2009,0
845,2009 Siena,11.7,110.2,98.5,9,Siena,2009,1
846,2009 Texas A&M,14.4,112.0,97.7,9,Texas A&M,2009,1
847,2009 Butler,16.2,109.8,93.6,9,Butler,2009,0
848,2009 Tennessee,16.6,114.8,98.2,9,Tennessee,2009,0
849,2009 Maryland,13.3,108.7,95.4,10,Maryland,2009,1
850,2009 Michigan,14.5,112.0,97.5,10,Michigan,2009,1
851,2009 USC,17.7,109.4,91.8,10,USC,2009,1
852,2009 Minnesota,15.8,107.6,91.8,10,Minnesota,2009,0
853,2009 Dayton,9.4,103.1,93.7,11,Dayton,2009,1
854,2009 Temple,14.3,109.3,95.0,11,Temple,2009,0
855,2009 Utah St.,15.3,117.0,101.7,11,Utah St.,2009,0
856,2009 VCU,12.8,109.3,96.5,11,VCU,2009,0
857,2009 Arizona,16.0,117.2,101.2,12,Arizona,2009,2
858,2009 Western Kentucky,7.0,109.9,102.8,12,Western Kentucky,2009,1
859,2009 Wisconsin,18.0,113.9,95.9,12,Wisconsin,2009,1
860,2009 Northern Iowa,9.9,110.7,100.8,12,Northern Iowa,2009,0
861,2009 Cleveland St.,11.7,104.4,92.7,13,Cleveland St.,2009,1
862,2009 Akron,7.0,102.1,95.1,13,Akron,2009,0
863,2009 Mississippi St.,11.8,107.7,95.9,13,Mississippi St.,2009,0
864,2009 Portland St.,4.9,108.9,104.1,13,Portland St.,2009,0
865,2009 American,4.5,104.7,100.2,14,American,2009,0
866,2009 Cornell,5.5,108.1,102.6,14,Cornell,2009,0
867,2009 North Dakota St.,12.4,113.6,101.2,14,North Dakota St.,2009,0
868,2009 Stephen F. Austin,6.7,97.7,90.9,14,Stephen F. Austin,2009,0
869,2009 Binghamton,-0.9,101.7,102.6,15,Binghamton,2009,0
870,2009 Cal St. Northridge,5.1,101.4,96.3,15,Cal St. Northridge,2009,0
871,2009 Morgan St.,1.4,100.0,98.6,15,Morgan St.,2009,0
872,2009 Robert Morris,1.5,101.4,99.9,15,Robert Morris,2009,0
873,2009 Chattanooga,-3.8,104.3,108.1,16,Chattanooga,2009,0
874,2009 East Tennessee St.,5.1,106.3,101.2,16,East Tennessee St.,2009,0
875,2009 Morehead St.,0.0,102.3,102.3,16,Morehead St.,2009,0
876,2009 Radford,-0.5,101.3,101.8,16,Radford,2009,0
878,2008 Kansas,34.0,121.4,87.5,1,Kansas,2008,6
879,2008 Memphis,29.4,114.7,85.3,1,Memphis,2008,5
880,2008 North Carolina,28.1,120.7,92.5,1,North Carolina,2008,4
881,2008 UCLA,30.6,118.7,88.2,1,UCLA,2008,4
882,2008 Texas,24.9,119.8,94.9,2,Texas,2008,3
883,2008 Tennessee,22.3,117.8,95.4,2,Tennessee,2008,2
884,2008 Duke,27.6,117.4,89.8,2,Duke,2008,1
885,2008 Georgetown,25.0,115.0,90.0,2,Georgetown,2008,1
886,2008 Louisville,23.2,111.8,88.6,3,Louisville,2008,3
887,2008 Xavier,22.3,116.4,94.1,3,Xavier,2008,3
888,2008 Stanford,23.9,113.3,89.4,3,Stanford,2008,2
889,2008 Wisconsin,27.4,113.6,86.2,3,Wisconsin,2008,2
890,2008 Washington St.,23.9,116.3,92.4,4,Washington St.,2008,2
891,2008 Pittsburgh,19.5,116.4,96.9,4,Pittsburgh,2008,1
892,2008 Connecticut,19.1,115.2,96.1,4,Connecticut,2008,0
893,2008 Vanderbilt,13.5,112.6,99.1,4,Vanderbilt,2008,0
894,2008 Michigan St.,20.9,115.4,94.6,5,Michigan St.,2008,2
895,2008 Notre Dame,19.2,116.3,97.1,5,Notre Dame,2008,1
896,2008 Clemson,22.4,114.1,91.7,5,Clemson,2008,0
897,2008 Drake,22.3,119.8,97.4,5,Drake,2008,0
898,2008 Marquette,21.8,113.5,91.6,6,Marquette,2008,1
899,2008 Oklahoma,15.1,109.5,94.4,6,Oklahoma,2008,1
900,2008 Purdue,18.1,109.7,91.6,6,Purdue,2008,1
901,2008 USC,20.0,110.7,90.7,6,USC,2008,0
902,2008 West Virginia,20.1,113.6,93.4,7,West Virginia,2008,2
903,2008 Butler,19.3,116.1,96.8,7,Butler,2008,1
904,2008 Miami FL,14.4,112.2,97.8,7,Miami FL,2008,1
905,2008 Gonzaga,19.3,114.2,94.9,7,Gonzaga,2008,0
906,2008 Mississippi St.,15.8,107.3,91.5,8,Mississippi St.,2008,1
907,2008 UNLV,13.6,110.2,96.6,8,UNLV,2008,1
908,2008 BYU,16.1,106.9,90.8,8,BYU,2008,0
909,2008 Indiana,19.5,114.4,94.9,8,Indiana,2008,0
910,2008 Arkansas,14.9,109.7,94.8,9,Arkansas,2008,1
911,2008 Texas A&M,19.6,112.0,92.4,9,Texas A&M,2008,1
912,2008 Kent St.,13.8,108.5,94.6,9,Kent St.,2008,0
913,2008 Oregon,16.7,119.3,102.6,9,Oregon,2008,0
914,2008 Davidson,20.6,114.1,93.5,10,Davidson,2008,3
915,2008 Arizona,20.2,116.6,96.3,10,Arizona,2008,0
916,2008 Saint Mary's,15.7,110.0,94.3,10,Saint Mary's,2008,0
917,2008 South Alabama,12.6,112.8,100.2,10,South Alabama,2008,0
918,2008 Kansas St.,18.9,113.4,94.5,11,Kansas St.,2008,1
919,2008 Baylor,15.4,115.4,100.0,11,Baylor,2008,0
920,2008 Kentucky,9.7,106.8,97.1,11,Kentucky,2008,0
921,2008 Saint Joseph's,14.6,114.7,100.2,11,Saint Joseph's,2008,0
922,2008 Villanova,13.0,108.9,95.9,12,Villanova,2008,2
923,2008 Western Kentucky,14.1,111.1,97.0,12,Western Kentucky,2008,2
924,2008 George Mason,10.3,111.5,101.2,12,George Mason,2008,0
925,2008 Temple,12.4,112.7,100.3,12,Temple,2008,0
926,2008 San Diego,4.5,101.5,97.0,13,San Diego,2008,1
927,2008 Siena,6.8,108.1,101.4,13,Siena,2008,1
928,2008 Oral Roberts,11.1,104.8,93.7,13,Oral Roberts,2008,0
929,2008 Winthrop,7.3,99.7,92.4,13,Winthrop,2008,0
930,2008 Boise St.,4.1,108.6,104.5,14,Boise St.,2008,0
931,2008 Cal St. Fullerton,8.9,113.0,104.1,14,Cal St. Fullerton,2008,0
932,2008 Cornell,5.0,110.7,105.6,14,Cornell,2008,0
933,2008 Georgia,7.9,104.0,96.1,14,Georgia,2008,0
934,2008 American,1.7,108.3,106.6,15,American,2008,0
935,2008 Austin Peay,-0.2,104.5,104.7,15,Austin Peay,2008,0
936,2008 Belmont,2.6,109.4,106.9,15,Belmont,2008,0
937,2008 UMBC,4.1,113.8,109.7,15,UMBC,2008,0
938,2008 Mississippi Valley St.,-15.0,92.1,107.1,16,Mississippi Valley St.,2008,0
939,2008 Mount St. Mary's,-1.0,99.0,100.1,16,Mount St. Mary's,2008,0
940,2008 Portland St.,5.8,108.4,102.6,16,Portland St.,2008,0
941,2008 UT Arlington,-2.0,101.1,103.1,16,UT Arlington,2008,0
